,Toxicity,tweet
0,0, @user when a father is dysfunctional and is so selfish he drags his kids into his dysfunction.   #run
1,0,@user @user thanks for #lyft credit i can't use cause they don't offer wheelchair vans in pdx.    #disapointed #getthanked
2,0,  bihday your majesty
3,0,#model   i love u take with u all the time in urð±!!! ððððð¦ð¦ð¦  
4,0, factsguide: society now    #motivation
5,0,[2/2] huge fan fare and big talking before they leave. chaos and pay disputes when they get there. #allshowandnogo  
6,0, @user camping tomorrow @user @user @user @user @user @user @user dannyâ¦
7,0,the next school year is the year for exams.ð¯ can't think about that ð­ #school #exams   #hate #imagine #actorslife #revolutionschool #girl
8,0,we won!!! love the land!!! #allin #cavs #champions #cleveland #clevelandcavaliers  â¦ 
9,0, @user @user welcome here !  i'm   it's so #gr8 ! 
10,0, â #ireland consumer price index (mom) climbed from previous 0.2% to 0.5% in may   #blog #silver #gold #forex
11,0,we are so selfish. #orlando #standwithorlando #pulseshooting #orlandoshooting #biggerproblems #selfish #heabreaking   #values #love #
12,0,i get to see my daddy today!!   #80days #gettingfed
13,1,@user #cnn calls #michigan middle school 'build the wall' chant '' #tcot  
14,1,no comment!  in #australia   #opkillingbay #seashepherd #helpcovedolphins #thecove  #helpcovedolphins
15,0,ouch...junior is angryð#got7 #junior #yugyoem   #omg 
16,0,i am thankful for having a paner. #thankful #positive     
17,1,retweet if you agree! 
18,0,its #friday! ð smiles all around via ig user: @user #cookies make people   
19,0,"as we all know, essential oils are not made of chemicals. "
20,0,#euro2016 people blaming ha for conceded goal was it fat rooney who gave away free kick knowing bale can hit them from there.  
21,0,sad little dude..   #badday #coneofshame #cats #pissed #funny #laughs 
22,0,product of the day: happy man #wine tool  who's   it's the #weekend? time to open up &amp; drink up!
23,1,@user @user lumpy says i am a . prove it lumpy.
24,0, @user #tgif   #ff to my #gamedev #indiedev #indiegamedev #squad! @user @user @user @user @user
25,0,beautiful sign by vendor 80 for $45.00!! #upsideofflorida #shopalyssas   #love 
26,0, @user all #smiles when #media is   !! ðð #pressconference in #antalya #turkey ! sunday #throwback  love! ððâ¤ï¸ 
27,0,we had a great panel on the mediatization of the public service   #ica16
28,0,happy father's day @user ðððð  
29,0,50 people went to nightclub to have a good night and 1 man's actions means those people are lost to their families forever #rip#orlando
30,0,i have never had a chance to vote for a presidential candidate i was excited about and this cycle looks to be no different.  
31,0,  #alohafriday #time does #not #exist #positivevibes #hawaiian @user @user @user @user 
32,0," @user rip to the fellow nohern ireland fan who sadley passed away tonight!.. gawa, forever singing and cheering on fire  "
33,0,it was a hard monday due to cloudy weather. disabling oxygen production for today. #goodnight #badmonday  
34,1,it's unbelievable that in the 21st century we'd need something like this. again. #neverump  #xenophobia 
35,0,#taylorswift1989   bull up: you will dominate your bull and you will direct it whatever you want it to do. w 
36,0,morning~~ #travelingram #dalat   #ripinkylife 
37,0,@user once more only one word tells it all: #photoshop.  #enoughisenough #dontphotoshopeverything #wheresallthenaturalphotos  
38,0,"oh, #cedarpoint. waited 2 hours in the valravn line and it stopped working. we were so close.  "
39,0,i am thankful for sunshine. #thankful #positive     
40,0,when you finally finish a book you've been working on for awhile...  #bookworm #ontothenextnovel 
41,0,"yup, being a knicks fan is hard, so its easier to just be an nba fan when the playoffs roll around ð "
42,0,there is life after social networking. embrace each day. be   
43,0,my mom shares the same bihday as @user   bihday snake! see you this weekend ðð¼
44,0,lovely echeveria blooms#flowers #grow #gardening #iphonesia #bliss #blooms #basilicabotanica   
45,0,i am amazing. #i_am #positive #affirmation     
46,0,#model   i love u take with u all the time in urð±!!! ððððð¦ð¦ð¦  
47,0,#whenever im   and #something goes #wrong  |  
48,0,feeling blue #illustration   
49,0,the best pa about life is knowing who you are! ðâï¸ð¼ð»  â¦ 
50,0,#abc2020 getting ready 2 remove the victums frm #pulseclub #prayfororlando  
51,0,for her #bihday we got her a #nose #job @user  ðð¶ððð    #bihday #petunia we love you ð 
52,0,off to concelebrate at the #albanpilgrimage for the first time.   @user
53,0, @user let the scum-baggery begin..... 
54,0,"thank you! ðð super love it! â¤ï¸ zpamdelacruz   #wedding# @ dolores, capas tarlac. "
55,0,a scourge on those playing baroque pieces on piano    beyond belief 
56,1,@user lets fight against  #love #peace 
57,0," happy fatherâs day, mr. rayos #video   #fathers #day #rayos #world #hotvideo #videos"
58,0, @user ascot times with this babe â¤ï¸â¤ï¸ #ascot #fashion #monochrome #style   #instahappyday 
59,0,the weekend..is here!!ððððð #selfie   #yolo #xoxo #like4like 
60,0,happy at work conference: right' mindset leads to culture-of-development organizations    #work #mindset
61,0,christina grimmie's  last performance before being shot...  via @user #christinarip #voice #christinagrimmie  
62,0,we are ready to dance #roar #preschoolers   #students #proudâ¦ 
63,0,you've really hu my feelings :(  
64,0,@user my wife whom i adore had to miss your poland show because she had surgery. her name is bridget &amp; she's my everything.  
65,0,@user i am so jealous of you right now.... #chatiado  
66,0,i celebrate every man that has played it's fatherly role.   father's day#
67,0,i'm sure they are just as happy.... ðð½ðð½ðð½   hour  
68,1,ð©the white establishment can't have blk folx running around loving themselves and promoting our greatness  
69,0,good morning! the journey begins! ððð»ð³   #travel #yeah #thejourneybegins #helloâ¦ 
70,0, @user # if you #luv #hottweets like this from â¶ â¥#venusexchangeâ¥ 
71,0,our new brochures have arrived! how exciting!! #aworks #solutions   
72,0,so much stuff happening in florida! first #orlando shooting and now #disneygatorattack on a two year old kidð¥ð  
73,0,"@user ferrari will do itðªð¼ for the sake of the championship. this gp is clearly a turning point rb, ferrari,mercs...ð  "
74,0,aced my first test!   #proud 
75,0,"  seeks probe into #udtapunjab' leak, points finger at #amarinder, #aap  "
76,0,@user wrapping up #senseaboutmaths @user 6th   @user @user @user 
77,1,"@user hey, white people: you can call people 'white' by @user  #race  #identity #medâ¦"
78,0,@user @user you might be. just have not shown here today. regurgitated talking points and name calling?  
79,0,sometimes you have to raise a few brows to raise the bar. #golfstrengthandconditioning   #strong #felixfoisgolf
80,0,  about that ððð #greathonour #careerconvos @user @user 
81,0, @user designing #innovative learning space @user to include #wateringhole #cave #mountaintop #campfire @user   hâ¦
82,1,how the #altright uses  &amp; insecurity to lure men into #whitesupremacy    
83,0,carrying a gun wouldn't of helped if you can't take it in with you. gun control won't stop the black market! terrorism will get worse!  
84,0,use the power of your mind to #heal your body!! -     #altwaystoheal #healthy   #peace! 
85,0,woohoo!! just over 5 weeks to go!   
86,0,being in a far away place where you have no family members hus  
87,0,"ready to rehearse tonight with new music and new videos, look out for the announcement! #midweek #newmusic #watchthisspace #guitar  "
88,0,now on monday nights at 8pm on #up channel!!!! i finally get to see what all the fuss is about!!!   
89,0,watching the new episodes of @user on @user  
90,0, @user offline now after a very nice and long night.. ð #snapchat @user   #redhead #vermillionred 
91,0, 15 things incredibly   #people do 
92,0,yes! received my acceptance letter for my masters so will be back at @user again in october!    #goodtimes #history
93,0,"daughter riding her bike around driveway, son playing his guitar for us while we enjoy ðº by the campfire... #summeime   #memories"
94,0,omg!!! loving this station!!! way to jam out at work!!! while getting work done of course!!!!   #memories @user 
95,0,"@user i'll always hope that one day i'll get to hug you, but i don't think that it's gonna happen anytime soon... "
96,0,#model   i love u take with u all the time in urð±!!! ððððð¦ð¦ð¦  
97,0,  couple having sex fat naked japanese girls  
98,0,"#hump on that    #hump day #humpersð© @ edwardsville, pennsylvania "
99,0,personalised we... gbp 7.99 get here:  #shop #cool   #home #fun 
100,0,there are some truly sick ppl out there.   
101,0,"trump calling on obama to resign over the orlando shootings? the boy has a point. 8 years and all he did was ""talk"" about change.  "
102,0,@user @user @user @user not long now!!!   #nashvilletour2016 #nashvilleforever ððð 
103,0," â #eur/usd clears 1.1400 barrier, jumps to fresh 4-week high   #blog #silver #gold #forex"
104,0,going to la tomorrow!!!  
105,0,i am thankful for good friends. #thankful #positive     
106,0,i still can not wrap my head around the fact that #christinagrimmie is gone. and the fact that a man destroyed #prayfororlando just  
107,0,just received dis from @user can't wait to sta baking #eyelids .ðððððð   ðððâ¦ 
108,0,we were so   to be playing for #vigilfororlando #harp #clonakilty #rip  via @user
109,0, @user yes yes yes   #ihavenofriends #someonecomewithme 
110,0,sunday...ð #weekend #relax #icon #woman #sundaymorning #sunday   #marilynmonroe 
111,1,@user i'm not interested in a #linguistics that doesn't address #race &amp; . racism is about #power. #raciolinguistics bringsâ¦
112,0,"one of my beloved long lost cds, now recovered thanks to apple music.  !  "
113,0,#marvel #song #musica #weed #ripchristina #adele   #dance (vine by @user 
114,1,@user why not @user mocked obama for being black.  @user @user @user @user #brexit
115,0, â #under the spell of brexit referendum - commerzbank   #blog #silver #gold #forex
116,0,100 amazing health benefits of cucumbers!    #healthy is  !!  #altwaystoheal! 
117,0,#model   i love u take with u all the time in urð±!!! ððððð¦ð¦ð¦  
118,0,off to work ðªð»ð¶ð¼ #ofw #pinoy #followme #igers #instagood #smile   #love # 
119,0,#toradora #anime #animeedit i made it.   #breakups #alone #lonely 
120,0,"50 laps of pool, 10k ride done and picked up a gym membership form  "
121,0,"#cotd   polar bear climb racing: angry polar bear climb racing, the polar bear living in cold places looking "
122,0, @user @user gets him angry.  a muslim assassinating 50 not so much.    
123,0,happy snappy ðð¼ waiting for the football   #football #snapchat 
124,0,friday i miss you!!   #fringes#qcbags#summer ððððððó¾®ð» 
125,0,#nochebuena   #lasvegas #usa @ las vegas strip 
126,0,ma fleurette ð¯ð #instaboy#instaman#sefie#septum#friend #smiles#blackandwhite 
127,0,sad in the branches itâs just rainy day writing tears are flying birds   #haiku #3lines #micropoetry  
128,0,yeah! new buttons in the mail for me ð  they are so pretty! :) #jewelrymaking #buttons   
129,0, @user driver hit female moose on river rd #weston.  moose was killed. driver is ok. crews removing animal now  
130,0,afterpas.   made in japan. ï¼madeinjapan  #eos  ï¼cute #fun #cawaii #love   #strawberry #tomato 
131,1,#people aren't protesting #trump because a #republican won-they do so because trump has fuhered  &amp;â¦ 
132,0,i need to find a way to spend my time so you are not always on my mind. . .  #me #boy #guy  â¦ 
133,0,[1466047260.15] update @  #social #analytics   #photooftheday #igers #likes 
134,0,anyone know the date our #doj and #fbi became corrupted? #emailgate #hillary2016 #shameful #disgraceful #ridiculous  
135,0,#stupidity makes me more   than even #negligence.why put #sachintendulkar a installation if u were going to take it off?
136,0,ððððâ¨â­ï¸  #ãããã   bihdayð #21thbihday ð #bestfriend ð #loveð¼ 
137,0, @user ð d most impoant thing is to #enjoy your life - to be   - itâs all that matters. life is too sho. #pooh4u 
138,0,happy bihday chris evansððððððð a great actor and human ððð³ðð»ð¸ððð #chrisevans   #bihdayâ¦ 
139,0,"our heas, thoughts, prayers go out to the more than 50 people who were murdered @ a gay nightclub in #florida   "
140,0, @user demoing guitars for new album #newalbum #indie #guitars   #echobelly 
141,0,retweeted lion pro (@user  #tgif #webmareting #seo #community #management   #weekend... 
142,0, â #nzd/usd: targets the 100 week sma at 0.7190   #blog #silver #gold #forex
143,0," @user i've had pretty bad bihday weeks before, but so far this is the worst ever. ð #bihdayweeksucks #bithday27   #tâ¦"
144,0,so blessed to have worked with sa's best leading ladiesðð 
145,0,happiest place on eah ð« #disneysmagickingdom #disney #magickingdom #disneyland   #orlandoâ¦ 
146,0,is kinda   to be among humans again.
147,0,just found out @user is at @user after i'd been exclaiming to @user how gr8 blain's hair was the other nite.   ð­
148,0,@user &lt;3 listen to my most beautiful best friend  @user  singing with her most amazing voice &lt;3 &lt;3 &lt;3 &lt;3 17 
149,0,be   n #healthy freedom from effo in the present merely means that there has been effo stored up in the past. â theodore rooseveltâ¦
150,0,when you know yall 2 aint going know where :) #love #commitment #trust #faithful  
151,1,yes it's  when you call #michelleobama a gorilla because racists have long thought of black people as no betâ¦ 
152,0,#newarkfestival this is us all this year waiting for the show to sta our 3rd year running   
153,0,when the internet is broken so you can't watch netflix. #mochithepug #puglife   
154,0,@user @user @user and she will do just that....then what..business as usual.  
155,0,"hbd to this dick suckin tequila lovin slut, i wouldnt want u any other way ðð   #justalillate #butstillontime "
156,1,"as the smaller hands show, barry probably lied about  being why his #knicks game sucked more than his #golfâ¦ "
157,0,good morning friday! what is everyone doing this weekend? #goodmorning #friday #girls   #love #florida 
158,0,"  challenges #aap's claim that 70% #punjabis are #drugaddicts, dares it to prove   "
159,0,#tracerequest sending my deepest condolences to the orlando gay families. zimbabwe gay community has you at hea   #touched
160,0,new selfie \Â¤.Â¤/  #guy   #mato #chapones 
161,0,saturday afternoon chi meet up #friends    @user  @user  @user 
162,0,#model   i love u take with u all the time in urð±!!! ððððð¦ð¦ð¦  
163,0,soed out all my nut &amp; bolts.   #bloke
164,0,aww yeah it's all good bing bong bing bong   
165,0,just dawned on me in 2 months i will be seeing @user live. i am so excited ððð #vfest #summer  
166,0, @user happy 35th bihday shane robe watson!!    #bihday #shane #watson #australia #cricker 
167,1,"@user @user you point one finger @user millions are pointed right back at you,  #jewishsupremacist"
168,0,"sad to hear the announcers say that ""it may have moved the player to one or two out of the lead"" #whoknows!  "
169,0,#radio1 i'm going to #coldplay tonight   oh yes.
170,0,u think like this too? the god who is not coming through for me. the god who is not keeping me  . 
171,0,@user terrorist = constitutional rights?  this is just another excuse by republicans to appease the nra with no gun control measures. !
172,0, @user it's all about @user   #gloucesterrugby 
173,0," @user very sad, @user what happened? "
174,0,everyone is everything   #sad #together #alone #up #down #fine #dandy #lonely #exuberant #depressed #halffull #halfempty
175,0,"#mikeashley #sposdirectshame , perhapse a good example of the need to protect #workersrights from within europe. #euref   #remain"
176,0,angry birds stella bad princess   #birds #stella #bad #princess birdsstellabadprincess.  time post: wedâ¦ 
177,0,"check  @user incredibly   to have made great  memories with great people , we did an ..."
178,0,"saw a t shi last night that said ""rip  to when i cared""   #really"
179,0," @user hilarious, @user i'm already blocked by @user for asking one, not paicularly difficult, question.   @user"
180,0,devastating news.  my hea goes out to the victims and their families.  #orlando #heabreaking   
181,0,"""happiness is not a state to arrive at, but a manner of traveling."" margaret lee #runbeck   #happiness #quotes #inspirational"
182,0,safe ways to heal your #acne!!    #altwaystoheal #healthy   #healing!! 
183,0,what i am creating right now. #beats #makingbeats #thursday   #work #istandard #akaiproâ¦ 
184,0,wedding number 10! ðððððð¾ð¾  #wedding #weddingpay     #love #forever #weddingdressâ¦ 
185,0,we're looking forward to attending the  cipd ireland conference &amp; workshop   #cpd #onemoreday @user  @user
186,0,finally reached 200 followers on #twitch. follower hypu #stream tomorrow! â¤  
187,0,"words r free, it's how u use em that can cost you! #verbal #abuse   #hu #love  #adult #teen @user "
188,0,"after what our country went through this last year to see people bring a ""bomb"" to the stadium &amp; come here for everything but football  "
189,0,i am thankful for cats. #thankful #positive      
190,0,time to eat with my bae swalscha ðâ¨ð #dejeuner #lunch   #happiness #love #amoureuxâ¦ 
191,0,ilovethesecret  #lawofattraction  #quiz #love #happiness #motivation #success   #joy #lifeâ¦ 
192,1,you might be a libtard if... #libtard  #sjw #liberal #politics 
193,0,it's about to go down... #pole #bgp #rozthediva #blackgirlspole #bodyandpole #live #love  â¦ 
194,0,#argentina2015   attack bull game 3d: do you really think that his head was empty around the city. each side 
195,0,what a self-serving hypocrite! always keep your eye on the bouncing ball with this nimrod president.   
196,0,#nohcarolina   bull up: you will dominate your bull and you will direct it whatever you want it to do. whe 
197,0,"#building   polar bear climb racing: angry polar bear climb racing, the polar bear living in cold places loo "
198,0,@user @user if they want reelection money. #ksleg  
199,0,my hea is with #orlando right now. i truly cannot imagine. could have easily happened anywhere. :(  
200,0,alreemgroup #aly_alshahawy #ad #cute #summer #photographerdubai #sun   #hair #mydubaiâ¦ 
201,0,it seems like the only place with action here is montreal :(   
202,0," @user that, and you are old and washed up! "
203,0,i am spirited. #i_am #positive #affirmation     
204,0,i am thankful for enteainment. #thankful #positive     
205,0,@user @user @user this shows truly how bad brisbane are  
206,0,@user can't wait for #wimbledon2016  
207,0,happy man!!!  #success #model #entrepreneur  #speaker #ff #fresh #confident    #fashionâ¦ 
208,0,"#gala moments ...   #day #kid #bipolar #frikiegirl2016 @ the lucky chinatown mall, binondo,â¦ "
209,0,this really takes the piss. i'm so angry. just goes to show who is valued and who isn't. you complete and utter moron.  
210,1,@user take out the #trash america...  - i voted against #hate - i voted against  - i voted against  - i votâ¦ 
211,0,  fathers day to all the #amazing #dads out there that give up so much for their families! #enjoy your... 
212,0,does #magnettherapy really work?   #altwaystoheal #healing #healthy   !! 
213,0,sebbo has said it all!  @user 
214,0,ðððâ¤ï¸ egãï¼ï¼ï¼ smile!!!!!â¤ï¸ð£ð¤ð½ ã» #smile#egsmile #torio  
215,0,@user brilliant service at your kettering branch today   customer
216,0,"@user will be here for a screening. i will miss it. so i will sing all the songs from potp and shock treatment, because i can.  "
217,0,on the way toraya #bus #alamindah #white #music #carrieunderwood   
218,0,#model   i love u take with u all the time in urð±!!! ððððð¦ð¦ð¦  
219,0,good day - 6 new beers at bridpo food &amp; beer fest. back at the campsite drunk the @user starstruck &amp; moved on to @user #5.  
220,0,g o a l s ð repost from @user #propey #ocean #summer   #life #family @ sydneyâ¦ 
221,0,i want to teach you love like you've never felt it before.  #quote #quotes #love #pakistan #allin216 #girls #boys #fashion   #feelings
222,0,i am thankful for now. #thankful #positive     
223,0,omg just 100 days left!! #countdown   #nolefam @user can't wait for him to come to milan! #22092016 ðð 
224,0, @user stone roses done. now time for @user in a d club.   days
225,0,"""there's a reason why two people stay together, they give each other something nobody else can."" hopelly greats day "
226,0,you never know who might have a crush on you! #wakow #buzz   #moment #ride #love #crush #dating #hookup #app 
227,0,my friend just got engaged  ð©ââ¤ï¸âðâð©
228,0,298 days lef b4 end of classez yay    #risay18 #risaypls
229,0,  #thursday ð may we watch how we say what needs to be be saidâ¦ 
230,0,i am legendary. #i_am #positive #affirmation     
231,0,"to the united states of america, from the rest of the world: i think you've proven you don't have the right to own firearms.    "
232,1,"if you hold open a door for a woman because she's a woman and not because it's a nice thing to do, that's . don't even try to deny it"
233,0,when your having a good weekend and it shows :) #thankful #blessed   // #jeffreycwilliams ðâ¦ 
234,0,when you have a good hea and help everyone you always seem to be the one who gets hu   #buttrue
235,0,the happiest baby ive ever knownð #cute #smiles   #babygirl #beautiful #niece #blessed #xo 
236,0,are you ready for #t.b.c ? #oneteamlincoln are... ð  @user @user @user @user 
237,0,can't wait for carowinds! ready to see @user  and @user  time to #rockthepark    #timetogetmyjesuson
238,0,already bought my finding dory ticket  
239,0,for every minute you are   you lose sixty seconds of #happiness - and you should do the same ðª
240,0,#sanjapan   #animeconvention see you guys in september! 
241,0,question of the day: excited for motoâsâ¦  #tech #announcements   #moto_s #question 
242,0,make today count! #mondaymotivation #livelifetothefullest   #healthy #everydaycounts 
243,0,happy morning 8degree with anna #classmate #friends   @ 92â¦ 
244,0,@user would u be able to suppo our event #brentwood #homesta they lost funding and may have to close   
245,0,we are happy little peoples ð   happyhappy people #kitten #cat #blackkittenâ¦ 
246,0,@user @user @user thank you very much for this oppounity will cherish it forever   ð¿ð¦ð» ððªð»ðð¼
247,0,ð· themeowood:   puppy 
248,0,few more days till who is  ? ð 
249,0,"""happy"" by pharrell williams    #pharrellwilliams lyrics âº"
250,0, @user happy at w.ork conference: right mindset leads to culture-of-development organizations    #workâ¦
251,0,we lost another member of our family yesterday:-( #gutted   #rosie 
252,0,yayyy.... trailer 2morrow #fever super   @user @user @user
253,0,"watch fancy tails's vine ""mad #mad   #teeth #bite #pissed #dog   #biting #dogbite #dogtreat  "
254,0,#dreamcatcher   bull up: you will dominate your bull and you will direct it whatever you want it to do. when 
255,0,i'm so ready for tomorrow ðððððð#englishteacher #teacher #ecuador   
256,0,"in memory of my wonderful dad, always missed, eternally loved. #strong   #greatquotesâ¦ "
257,0," @user @user on dallas shooting ""the video you're about to see is disturbing, so viewer discretion"" then they play it in a loop oveâ¦"
258,0,#itako#alone#it's fine.  a little. 
259,0,sunshine &amp; stickers kind of saturday ð¸ð½  #letthembelittle #childhoodunplugged   
260,0,had a wonderful day today âï¸ #calm #sunny   #chubbygirl #glasses #finnishgirl #finn 
261,0,"buka bersama tma family...   #yuhuuuuu #tmaâ¦ (w/ risha, meylucky, &amp; 3 others at mayfair townhouse) [pic] â "
262,0,he loves you more than you know.ðð #nationalbestfriendsday #true  
263,1,"@user this man ran for governor of ny, the state with the biggest african-american population    #â¦"
264,1,#stereotyping #prejudice  offer no #hope or solutions but create the same old repetitive #hate #conflictâ¦ 
265,0,who can get the pussy quicker these days   ð
266,0,i'll probably be 30 by the time @user comes back home   #ugh
267,0,#model   i love u take with u all the time in urð±!!! ððððð¦ð¦ð¦  
268,0, @user anyone playing voez? kinda in love with this game ððð #game   #gaming #girlgamer #voez 
269,1,how many#pols passed by how many times and said nothing?   #bluelivesmatter #draintheswamp  #ferguson  
270,0,sequoia is   about the #weekend! 
271,0,some bitches care more about their eyebrows then how much $$$ they makin at the end of the week  
272,0,bham is pride paradeready#beyou# #ofbham   @user @user @user 
273,0,  #fathersday to all the guys who play dad out there we #love you ð 
274,0,#æ´å®å0616çæ¥å¿«ä¹  bihday to my bogummy!!!love you forever!hope you happy everyday!good night!ð@user 
275,0,wishing all our clients had baby goats to cuddle!   
276,0,  #positivevibes #fresh love you guys. get some!!! @ concord mills mall 
277,0,the #conjuring2 get ready to be scared! tonight it's on! #readyornot #truestory   
278,0,âtoday is the day to make the change. eliminate negativity and choose to live a positive lifestyle instead.â   
279,0, @user aaahh! nabilah looks so   ð   arigatou jkt48! have a very happy daaay âºï¸ #iwearbanana  
280,0,last day at work tomorrow for me- self employed from monday #scared   #redditchbizhour
281,0,@user im half boy half man.... so im dumb too??   ð¢ð
282,0,my happy little boy! #smiles   #corbinrayp 
283,0,never been more appropriate: i have zero idea of what i'm feeling right now #scared   #missyou #whatwasthat 
284,0, @user have a magnificent monday! #mondaymorning #mondaymotivation #monday   #indraloka 
285,0,"i just dont understand y these designers print animals on fabric, just bought @user muzlin 5b #sanasafinaz   #noexchangepolicy"
286,0,"maybe 4 happy hour you can get a ""  #ending"" ó¾®ó¾µó¾­» "
287,0,#littlebear and her friend #joy   #toddlerfriends #puresweetness #latergram #toddlerfun 
288,0,if you have never lost a loved one to senseless violence you don't get a fucking opinion on the 2nd amendment   
289,0,where is the world heading? you could lose your life just for leaving your home. #orlando  
290,0,"i heard him say that, he was trying to lock the shooter in,  but kept other patrons from getting out!    "
291,0,good mood flight with @user off to munich for @user interviews!   #pharrell 
292,0,first presentation by @user in the netherlands by @user   
293,0,u made us proud i hv been reading ur words &amp;  assured it will b a assoment of petite emotions wish u the best. 
294,0,happiness vs joy. happiness is temporary and leaves u hu. joy last forever and never leaves. #real #tru   
295,0,twinklatinboys - na: #slut #snapshot #hot #nasty #naughty #sexy #horny #shy #porn #nude   #kinky #xxx #y... 
296,0, @user it is not   people who are thankful. it is thankful people who are happy.  #thankfulthursday 
297,0,i am creative. #i_am #positive #affirmation     
298,0,i have held back tears. i have cried happy tears &amp; finally we leave a week tomorrow!!! @user @user #canadianravers  
299,0,bihday pressie from my mummy and my granny #michaelkors #luckygirl   #bihday #liverpool 
300,0, @user stuck in athens instead of santorini because @user said it was to windy to land! shocking service on every level since!â¦
301,0, @user these happy folks had the very first #freakshake at the launch. #freaks   #yum #dalston @user 
302,0,"what a ""huge"" crowd for trump. "
303,0,i am thankful for saturdays. #thankful #positive     
304,0,"good god, why?!   ð³ "
305,0, @user enjoying these delicious melons! #vegan #organic #fresh #fruit #organic #healthy #healthyliving   #life 
306,0,"first months, then weeks, now it's only days till the beginning of the end of @user i am both   and #sad at the same time.ðð¢"
307,0,it's a firework!! weeheeeee~ ððððð»ðð»ðð»ððð  â¦ 
308,0,#blackpool   attack bull game 3d: do you really think that his head was empty around the city. each side is 
309,0,  #fathersday to all our the amazing fathers out there today. 
310,0,i just want to be  . is that too much to ask for? ð
311,0,@user ready and waiting! #newblood16   
312,0,i'm sad. my aunt passed away. she was 96.   #funeral
313,1,7 horribly  ads from #2016 that made us cringe 
314,0,wouldn't mind robson-kanu at s6. decent player. available on a free transfer too  
315,0, @user come on @user ...you can do better than this. please put yourself in @user 's shoes. unnecessary stress hâ¦
316,0,stalk me. watch me. i'm just a peon. poor. disabled. kill me.this #usa is not the usa i used 2b proud of &amp; the universe doesn't care.  .
317,0,#stephcurry's outburst begs the question: can christians get  ? #nbafinals 
318,0,i'm so   and #grateful now that - #affirmations 
319,0,8 more weeks to go then im san antonio bound to see @user  i cant wait to see my little brother! #missyou   #mybrotherskeeper
320,0,listen up &gt;&gt;&gt;&gt;&gt;&gt;&gt; 
321,1,"@user ""the dying of the light""  village green/townÂ²  #antisemitism #hocoschools #columbiamd #hocomd"
322,0,hahaha.. this is me last #friday   &amp; #weird 
323,0,"hey, i noticed that u are a training lover, so i ask u to check my free app, it's known as ""my training"" on apple "
324,0,sexy as fuck #directioner   #niall #nialhoranfacts #niallerwins #hot #justindrewbieber #justindb #believetou... 
325,0," @user   #father'sday! say ""i love you"" to your dad right now! #sanya #whererefreshingbegins "
326,0,"guess who back, back again! #lifeaftersurgery ðð¼#dog #dogslife #labrador #labradorretriever #lifeofsam   "
327,0,"hey superspoilt, you may want to check  for latest updates on #glastofest ð¥_ "
328,0,@user @user @user @user @user    bihday sid... god bless you.. hav a successful career
329,0,"nba finals = ambivalent , love steph and thompson, kyrie stinking it up, green is an class a doosh, lebron won't talk to guillermo  "
330,0,check out my production team's web-series episode that was edited by yours truly.   #mep #webseries 
331,0,#model   i love u take with u all the time in urð±!!! ððððð¦ð¦ð¦  
332,1,"@user you never answered me about your statement on the #nazi's over #hatred,  &amp; #bigotry being found wâ¦ "
333,0,  #juneteenth #independenceday #food4thought #rich #ancestral #heritage @ independence hall 
334,0,#river   gorilla simulator: you need to do to adapt to the environment. the need to tear the city. material 
335,0,watching the @user leadership embrace &amp; kiss donald's ass is #pathetic &amp;  . this is now the @user pay. a pay of racism &amp; hate. #ripgop
336,0,i love how i am so mature for my ageð  ð¤ð
337,0,aww yeah it's all good bing bong bing bong   
338,0, @user it's such a good feeling when this happens. #smile   #instalike #instamood #instapic 
339,0,check it  #graffiti  #dublin #ireland #music #vimeo #movie #video #europe #people #flow #fun   #rafalwojcicki
340,0,#oitnbseason4 in 2 days!!! aaahhhhh  
341,0, @user it's @user #iampossible today! #extraordinaryladyspeaks #starawards   @user @user htâ¦
342,0,sun is out! happy thursday! âï¸ð»âï¸ð»âï¸ #breakfast in the #sun   #day #sunnyday #sun #blueâ¦ 
343,0,packing sneak-peek!   to be working with the #yellowjackets of the #neshl for 2016! @user #bhl #hockey 
344,0,tony sunday! #tonyawards  
345,0,happy father's day 2016 to my dad and all of the dad's out there!!  #fathers#day  #2016 
346,0, @user theverdict is in; i'm an idiot #country #rock #bluegrass #beatles #love #pop   #romance  
347,0," â #projects of the week, june 13, 2016   #blog #silver #gold #forex"
348,0, @user #300dayshappy @user #dayseventyseven #day77  #happiness #love#lifequotes #lifeâ¦ 
349,0,my little brother has a higher tolerance of alcohol than me!   lol
350,0,wishing this guy a   #bihday !!  blaze says @user is the spitting image of aâ¦ 
351,0,i am thankful for hiking trails. #thankful #positive     
352,0,all pay meeting to tackle a movie which uncovers a problem we don't want the world to know.  
353,0, @user chill relaxing piano music to keep your pet #quiet and   during #july4th #fireworks  â¦ 
354,1,you might be a libtard if... #libtard  #sjw #liberal #politics 
355,0,"@user nothing says 'merica, like that @user tweet.   "
356,0,always be   #paratyphoid 
357,0," @user ""today i lost a #thevoice sister senselessly - we sing for love not death people."" #stopthehate #ripchristina   "
358,0,"some guys too concerned about their twitter ""brand"" to be honest with their followers.  "
359,0,i hate like 90% of my family.... i was really born into a big ass toxic bomb! mother fuckers don't give a fuck about me cuz i got money  
360,0,get #up get   get  #enjoy #music #today #free #apps #free #music 
361,0,best #lawofattraction #resources for #healing!    #altwaystoheal #healthy is  ! #idwp ! 
362,1,trump ny co-chair makes racist remarks about michelle obama  #p2 #p21 #fyi  #tcot
363,0,are you a @user fan? this should make you      
364,0,#music as #therapy as a tool for #healing!   #altwaystoheal #healthy is  !! 
365,0,how can food make a family fight mxm  
366,0,delicious sangria#salud#cheers #smile @ the pub pembroke 
367,0,have a fabulous weekend beautiful souls #nofilter   ð 
368,0,when i'm feeling #overwhelmed and   i look down and see a million reasons to be #happy again. i love you craig!! 
369,0,back to the day job for shane lowry!   
370,0,  hour right now! 2-4-1 bottles &amp; drinks from 4-7pm @user 42 w. chippewa st. #buffalo 
371,0,anas + nimra + farishta + mawia + khushal  960 + 952 + 503 + 484 + 435 = 3334   the number of marks obtained is too damn high   :p
372,0,my monday is so empty without the bachelorette ð©ð¹ð· #thebachelorette   #empty #nowine
373,0," suppoing family, god, chivalry, tradition, and pride in one's heritage is now controversial.  "
374,1,"@user the pic says otherwise for young girls confined in that kitchen. you are void of meaning, beyond cheap publicity #topoli "
375,0,#good night!  ??  #faith ever #vaitacacommafiasdv
376,0,do what you love to do simply for the love of it. #love #success   #work #businessâ¦ 
377,0,lunchtime with mom. #torrington #lunch #afterschool #instadaily #yummy   #withmom @user 
378,0, @user my sister ain't even know i was watching her argue with the nigga ððð was waiting for him too say the wrong shit  
379,0,"ride out, ride back ...done! #cycling #sunset   #ride #bikes #fitness #cardio #deseâ¦ "
380,0,well i was gonna go see adtr with bae...  
381,0, @user #tagsforlikes #me #food#friends#summer#swag#quotes #love#god#girl   #weekend #polaroid #followme #teen #win#job 
382,0,"#payintheusa   polar bear climb racing: angry polar bear climb racing, the polar bear living in cold place "
383,0,11:11   healthy fam
384,0,"dream palace, can we move in already? #stellar   #girls #dreamy #goodmorning daysâ¦ "
385,0,im waiting for a follow since the x factor   
386,0,@user but it's your fault you have to use it to pointscore. 
387,0, @user this week staed off kinda lame but it's getting better! #yay   #wednesdaywisdom
388,0, @user #forever @user   young man he luks too hot wen he is in temper i'll b alwys ur fan till my lst breathâº hâ¦
389,0,don't worry #bee   
390,0,double tap and follow me #beautiful #smooth #lifestyle #skin #instasize  #f4f #fashion  â¦ 
391,0,#lawofattraction for #healing #loa   be #healthy   #well #idwp ! 
392,0," â #oil turns flat to $50.40, eyeing eia inventory data for fuher direction   #blog #silver #gold #forex"
393,0,training in new employee's is fun. #newblood  
394,0,  #first #bihday to our #puppy #eloise #sweetbabins #dog #growingup #cute #bihdaygirl @user 
395,0," @user   - 5,000 pigs burn alive in saskatchewan barn fire (video) "
396,0, @user you'll never convince me that americans have the right to bear these.   #prayfororlando #guncontrol 
397,0,with my beautiful ladies!!! is a blessing to know them !!ó¾¬ó¾¬. #smile   #lovethemâ¦  
398,0,today baba siddique ifftar pay at mumbai. @user &amp; @user dono ayenge.   to see both again
399,0,  hands | #ombre #blue 
400,0," @user i can't wait to go see warcraft, ugh ð­ð­ð­   #warcraft"
401,0,cousins reunited...  #family#fun@user wellness 
402,0,at @user for 'an audience with duane henry ' ....should be very insightful  
403,0,my train hasn't moved so i'm binge tweeting  
404,0,have my lover stop being angry at me visit us..&gt;&gt;&gt;  #lover   #friend #astrologer #love 
405,1,@user when you're blocked by a  troll because you promise to  #blacklivesmatter &amp; let his nonsensical rants boosâ¦ 
406,0,  father's day to all the dads here and the one's that are in heaven 
407,0,#sdl326am @user   june 16 @user
408,0,how creepy awesome are these baboons climbing the fire escape like humans on @user   #summev #zoo 
409,0,use the power of your mind to #heal your body!    #altwaystoheal #healthy is  !! 
410,0,dude i'm a tiger! #roar #tiger #annaswelshzoo   #bihdaycelebrations 
411,0, @user we don't #laugh because we're happy... we're   because we laugh. - william james.  #xtra
412,0,have a happy sunday everyone! i think today is going to be a good day :) #positivevibes   #sunshine #sunday 
413,0,can we talk about the ways in which organizations dehumanize us? and how they're never held accountable?  
414,0,stuck in the rat race? find your freedom.   #masterkeyexperience 
415,0,i have to study...   #face #pizza (i stole my roommate's idea for taking this pic) 
416,0,dinner with sister!! ðâ¤ï¸ð¯ð    #sisteradventures #sister #ilovemysisterâ¦ 
417,0,who else is planning on watching @user tomorrow? ð   ð
418,0,"#usn rifle day 'snowed out', so ar-15 is closest to m-16 i ever got. @user @user @user   #navy"
419,0,euro 2016: bbc pundits make their predictions for france  #euros sta today -    
420,0, @user because i am happy! ðð #happiness #minions   
421,0,no elder scrolls for many years?!! wah wah    #bethesda #e3 #e32016
422,0, @user poor #tiggy ð¢ and a little bit cheeky #jax &amp;   ð #soa #throwbackthursday @user @user @user 
423,0,cannot wait for #eurogamer this year! #pumped   #eurogamer2016
424,0,very   to work with russell.beckwith soon #staytuned ð¸: my friend lyle!! #tapfoags ..â¦ 
425,1,why the nazis studied american race laws for inspiration â  #ushistory  #eugenics
426,0,sharing ice cream #sun #love #outdoors #picnic #summer #family #daughter #father #desse #icecream   
427,0,nothing like a river island sale shopping spree to cheer you up #retailtherapy #riverisland #shoppingqueen #alwayscheersyouup   ð¸ð¼
428,0,cleaning ze house and zoing ziy laundry. ã i'm finally free from fever and colds. â©__â©i'm happy! #cleaning #laundryday  
429,0,2 new listings are up!   #ebay     #woohoo #sell #selling #buy #shop #shopping 
430,0,i am thankful for my challenges. #thankful #positive     
431,0,chilled night in with ice cream&amp; grown up2! #chilled  
432,1,@user #biherism absolutely originated in hateful  #bigotry #altright hatred of our african american #potus #theresistance
433,0, @user * sweets ð°ð©ð¬ð­ð«â¨!!!!!! * #instagood #ìì´ë #å¶å #idola #idol #à¹à¸­à¸à¸­à¸¥ #followme #selfie   #ã©ãããâ¦ 
434,0,all these tragedies in america first with the killing of #christinagrimmie and now #orlando #america is not a safe place to be today!  
435,0, â #brexit angst a factor helping drive down interest rates in germany and japan - bbh   #blog #silver #gold #â¦
436,0,fab &amp; interesting day at #eacbpm. now dash to a quiet place to dial into iiba emea region meeting #busy   :)
437,0,"kayak, sup, snorkel, swim...whatever your pleasure, we'll put it together!  #alohabeachbus   #hawaii #explore "
438,0,u can hold a man down for years ...and watch him change on u over some hear say..    no loyalty.. no... 
439,0,we'll back going to tacloban now! see ya later!ó¾µâ¤   #great â traveling to tacloban city from catbalogan 
440,0,@user how do you feel about that? you haven't won any olympics medal  
441,0,angry birds il film download ita â 720p hdtc (2016)    #birds #download #film #il #ita
442,0,  #sunday to you all ð #photo by @user  #model #urbex #topless #tits #mono #retweet # #sexy #heels #ace 
443,1,fo woh officer in viral arrest video was ârude not racistâ: chief  #crime #officerâ¦ 
444,0,@user @user @user @user   saturday  friends
445,0,yayyyy my friend got married today ð°ð°ð°ð«ð« congratulations guys. â¤ï¸â¤ï¸  #shegotmarried  â¦ 
446,0,#model   i love u take with u all the time in urð±!!! ððððð¦ð¦ð¦  
447,0,"if lewis remains perfect, the rangers announcers are gonna stroke out.  "
448,0,chris is so   to be back to #soccer after missing most of #spring #season with a brokenâ¦ 
449,0,train tickets booked for my opera week in wales  
450,0,it's a beautiful day..... #sun   #fun #beachpark @ beach park 
451,0,the big screen is being fitted right now   #euros2016 
452,0,not all love stories are happy ending.  #anime #love #story #not   #ending #like4likeâ¦ 
453,0,#poet   bull up: you will dominate your bull and you will direct it whatever you want it to do. when you sta 
454,0,i am tranquil. #i_am #positive #affirmation     
455,0,@user is that the name of any upcoming new track? ðð   #2pm #kpop
456,0,best #essentialoils for #anxiety !!     #healthy   #peace !!  #altwaystoheal !! 
457,0,@user @user @user  wow some people's children have nothing better to do then insult people on twitter .  .
458,0,thinking maybe i should have bought @user instead of @user   #gettingold #becomingboring #notborderlands #goblizzard
459,0,the fact that @user album is an hour away from dripping has me losing my mind..   #fatkidinacandystore
460,0,ryderrideu - see you c2c and cum together: #snapshot #young #shy #kinky #wet #porn #hot   #xxx #horny #s... 
461,0,ð¸ð»ð¼ððº snapchat: gaby_china20  #love #girl #snapchat   #flowers #instasmile #instaloveâ¦ 
462,0,i am brilliant. #i_am #positive #affirmation     
463,0, @user true :/ niggas dont go looking for apaments they go look at shoes and jewelry  
464,0,safe ways to heal your #acne!!    #altwaystoheal #healthy   #healing!! 
465,0,#msgapparelstoday  @user  u r so special 4 us   father day
466,0,camping next weekend.   #lovecamping  #brownwood
467,0,i'm so   and #grateful now that - #affirmations 
468,0,my #forever bestie ð #karaoke #friends #friendship #love #nofilter #instacool #instagood  â¦ 
469,0,"@user absolutely love this place. fantastic welcome from carlos, receptionist. 5th time here. room request granted as usual. #318  "
470,0,headed to #thealter with my peculiar family!   
471,0, â #us retail sales control group likely rose 0.2% m/m in may â danske bank   #blog #silver #gold #forex
472,0,happy fathers day. you are love of my life &amp;the best father in the world. â¤ï¸ð @user #fathersday #love   
473,0, coolestlifehack: worlds smallest snake    #motivation
474,0,this is a shockingly   and increasingly #violent #world we live in and the #uk has gun control laws. i feel for the mp's family &amp; friends
475,0,  ? #funny ? or simply so #truestory :) 
476,0,happy bihday to me!... brithday day holidays  #monday #menmodelsâ¦ 
477,0,i am saddened that no-one has thought to groom her for the position before asking her opinion on such an issue.   
478,0,ukrainians athletes are not in grosseto for @user ... watching livestream without seeing them it's not the same...  
479,0,new season of oitnb stas tonight ðð¼   #oitnbseason4 ð¬ð¬
480,0, @user excited to be on the other side of the cuain for once tonight. looking forward to seeing @user on broadwayâ¦
481,0,when quay collab with @user says sold out!!!ð©ð«ð©ð«ð©ð«ð©ð«ð©ð«ð©ð«ð©   #noooo #whyyyy #loveyoudesi # 
482,0,i'm   to finally get my #jordans and i get #paid to #wear them too! #lowtopsâ¦ 
483,0,i am impressive. #i_am #positive #affirmation     
484,0,  father's day to all the fathers out there out there making it happen ...... #salute to y'all ..
485,0,our view from the 27th floor! :) #nyc #newyorkcity #myview   girl #wine #fridaynightâ¦ 
486,1,discussing republicans is the same thing as critiquing . we can't ignore the consequences.
487,0,got school tomorrow my last integration  
488,0,amen!! truth. always. &lt;3 &lt;3  #love     #blessed 
489,0,@user and the stamford kid got 6 months for rape.but that wasn't boredom...it was 20 minutes of action.   .
490,0,lets colorized your life w/ rainbow #danian #love #colour #rainbow   @ depok 
491,0,#aiel #aielmaharashtra rude customer care executive makes me want to switch my loyalty to another provider.   #irritated
492,0,hi teddy corpuz... #rocksteddy #band #enjoy #idol   #omg ððððððð 
493,0,"@user wow, what a great daughter you are! to send that to your father right before father's day. #cheapshot #lowblow   #shame"
494,0,6 reasons to be happyâ¦when your kid is mid-tantrum    #parenting #tantrum #toddler #calm #mindfulness   #strong
495,0,i am truthful. #i_am #positive #affirmation     
496,0,yup #siri on #macos #wwdc2016 - :) woot! next did they work on her listening skills?  
497,0,#diy done! #dresser #nicknacks #newelectricscrewdriver   @ brockely london 
498,1,are you #black &amp; feel like the  are stomping on you? â¦  #retweet #tampa #miamiâ¦ 
499,0," @user @user thats the problem, only one police officer. you need more, with bigger guns and perhaps one tank with soldiersâ¦"
500,0,  father's day to all friends#
501,0,"if you're not   with your #choices this fall, you can #always write a candidate in.. â¦  "
502,0,@user  #ë¤ì´ì_ê·¸ê¸¸ìì_ì¤í¸ë¦¬ë° #ê·¸ê¸¸ìì #ì°ìµì   ending 
503,0,get to know the team behind the #app that's keeping our tummies   in our #june #issue @user #bazaarmagâ¦ 
504,0,actually going fishing today somewhere nice âºï¸ð.  
505,0,"how cute, they both look like dolls. "
506,0,@user i did and im  
507,0,love this vacation ð   #enjoy #greece #crete #sabinedrift #chillinn #blondegirl #bluedressâ¦ 
508,0,@user unreal 3 advisors refuse to take my payment!?? and say wait for pcn is this customer service when ur site wasnt working??  
509,0,@user i'm #gameready for forza horizon on the pc! what a time we live in...  
510,0, @user life better in tahiti #summer #life #no_school #tahiti   #like
511,0,i know their males but i thought they had a vagina like in video games xd #stupidthoughts #quote   #lmao
512,0,pa of the pack was taken and brainwashed by cheetahs   #downasquadmember #treeouts
513,0, â #japan domestic corporate goods price index (yoy) in line with expectations (-4.2%) in may   #blog #silver â¦
514,0,"remember the day when people on #bbuk went on to become reality tv stars, no it seems reality tv stars become big brother contestants.  "
515,1,@user #allahsoil the more familiar we become the more difficult it is to stereotype. . â¦ â¦â¦ 
516,0," @user #good #morning ! if you want to live a   life, tie it to a goal, not to people or things. "
517,0, @user friday &lt;3 #fridayfeeling   #relax @user  #bristol 
518,0,  days porn movie pussy pay pics  
519,0,it looked easy till my turn  #rap #hiphop #rock #funny #comedy #pop   #kanyewest 
520,0,banner #merry #christmas and   #new #year  #freepik #ad #decoration newyear
521,0,@user @user yay! thanks for letting me know. my pa will be a very happy man! :-)  
522,0,in my exam room ð­ð­ð­ #testing #tired #annoyed #why  
523,0,best homeopathic remedies for #anxiety  -    #altwaystoheal   #healing #peace !! 
524,0,rest in peace christina.     
525,0,"those bamas you fool around with might be raising your child. ppl dont think that far in advance. they just see ""fun"" or whatever  "
526,1,anti racist is a codeword for antiwhite   asia for the asians  africa for the africans  white countries for everyonâ¦ 
527,0,.@user on #periscope: my first god baby graduated from high school!!! #collegebound   
528,0,nearly there folks   #nervous #curious just finalised my stuff with a few pointers from grainne #bringiton 
529,0,fellowship. ð #lifegroup  
530,0,i just caught myself eating chocolate sliced bread beside the ref realizing i still didn't eat my dinner.  
531,1,@user you #praised #cleveland police during #rnc the police are under a consent decree! 75% are #white  #tamirrice #rip
532,0,best #lawofattraction #resources for #healing!    #altwaystoheal #healthy is  ! #idwp ! 
533,0,everything you need for #surfday.  #fathersday to all the #dads out there from #novyspos.#novytowel#surfgear 
534,0,@user 100% agree  
535,0, @user our next show is monday at the fiddler's elbow in camden. it's looking like it's going to be a huge night!   htâ¦
536,0,@user no swimming signs everywhere. parent's weren't watching a 2 year old.  
537,0,mitchellrattle mitchell goodson 
538,0, @user getting ready for saturday's jeep run with nbjc!    3 days until #showyourjeepday  #jeepmafia #jeeplife #jeep httâ¦
539,0,"@user attempt at czech fury, only for croatia to score their second.   "
540,0,the latest dairy k.s!  thanks to @user @user @user #ä½éåæ¥  
541,0, @user yep - grateful for everyday :)))) #gratitude  #laurasworld   
542,0,i've had the ebook for awhile but it's so nice to have the hard copy!!!   
543,0,nba finals. game 7. what more could a basketball fan ask for?!   #nbafinals
544,1,@user that doesn't prevent you from being a  and a #bigot
545,0,"dear #uot, despite our attempts to #savecharity, i regret to announce that we've lost her!   #tragic #rip angelic friend. we will miss u!"
546,0,  #space place  color #blue #fabricsourcing  or #finished #pillow #cushions  use usâ¦ 
547,0,perfect moment of the day!!!   
548,0,"waited for @user for an hour to come out just for an autograph, finally walk away...he comes out. of course! disappointing!  "
549,0,  #fathersday!  gift your #dad a secured #financial #future! #save #insure #invest!   
550,1, girls in the world sexy mature housewife 
551,0,time to get happy! it's saturday ð    #saturday #weekend 
552,0,"to my 3 awesome dads.. my almighty father (my lord) my darling dad (rip, sweethea) my husband (my babies daddy/1st son)   #fathersday"
553,0,owens football tornament #football  
554,0,come on #ee piss poor reception today Â£20 a month and struggle to get a signal in #buxton put more masts up or i'm switching   #grumpy
555,0,excited na me ðð 
556,0," @user let #troopingthecolour begin, we are very  .  bihdayyourmajesty #thequeenat90  htâ¦"
557,0,#work #fusiona wolves in last stage #development   #chase @user @user now 
558,1,@user i don't like the #blacklivesmatter slogan.  talk about being .
559,0,r.i.p little bear bear... #hamster #rip #imissyou   
560,0,give me a hug #love my cats  moment ð 
561,0,"your lips like fire, my blood like gasoline ð¥ð  #love #boyfriend #smile   "
562,0,here. we. go. let's do this people! #icrs2016  
563,0,life isn't a race: allow yourself to be   in the present  @user #fun
564,0,dental  testimonials from our #lichfield clients -    
565,0,thank youðsoo muchð pretty @user i feel soo blessed &amp; lucky!!plz do keep showering ur lyks on með#surprised   #2likes #unexpected
566,0,"@user @user @user nice 2c susanna smiling 2day,who needs false promises of flying dragons when she's got ben  "
567,0,@user 1d not back yet  
568,0,"i got the call yesterday.  mom was diagnosed with stage 3 ovarian cancer.  i'm terrified, she's terrified.  just don't know what to do.  "
569,1,@user #feminismiscancer #feminismisterrorism #feminismmuktbharat why  #malevote is ignored  @user
570,0,@user @user @user is on the other side of history and our allies on this issue.  #embarrassing  
571,1,fox new just coming out and saying it bluntly. one of the most  things i've read. 
572,0,good morning all !  #internationaldayofyoga2016 #yogalove #yoga   #relax #healthy #positiveâ¦ 
573,0,@user monkeys are also declared as vermin. no protest from bajrang dal?   @user @user
574,0, @user new plants from @user are here and ready for the garden at gardening know how!    
575,0, @user coldplay last night with my fave ð«ðð»ð #coldplay #conce #hampden #fave #couple #cute  â¦ 
576,0,use the power of your mind to #heal your body!! -     #altwaystoheal #healthy   #peace! 
577,0,  #flagday!   here's mine in this gorgeous #texas sky!  #householdname #takingoverâ¦ 
578,0,aww yeah it's all good bing bong bing bong   
579,1,"@user yes lets do this,suppoing a openly ,#prowar #anti #islamic,#homophobic,#rapist,who advocates more of same,#hypocrite"
580,0," , #cat, #furry, #persiancat | #4798 | pixion - wallpapers, images, a "
581,0,good moooooorning #tgif ð  #kiss #kisses #friday #fridayfun   
582,0, @user enjoy everything already given to you rather than always needing more. #blessed   #thankful 
583,0,#euro2016 match schedule design - france vs romania  ! ð  all feedback is appreciated! 
584,0,for fathers day too should take your dad to @user for the 2 for $20 he will love it   
585,0,berlin before and after.  thank you so much @user - that was incredible. #theriveourberlin #theboss   
586,0,why listen incubus never hus! ðð #nowplaying #sick   #little #world - nissan #live #set de @user â« 
587,0,@user anderson cooper &amp; don lemon will not like gays being thrown off buildings by sharia. #2ndamendment  
588,0,bei is   on a field for dog-walking.  #dogs 
589,0,who would steal awork from @user #boohiss  
590,0,competing for a listing today!   #whenrealtorscompeteyouwin #callme #gotheextramileâ¦ 
591,0,@user great park but a totally disorganised one!!! #poaventura #whatajoke  
592,0,"i've got news for you, bernie wasn't winning dc even if the vote was held last month. #dcvotes "
593,0," â #eur/usd printing new monthly tops above 1.1400, draghi eyed   #blog #silver #gold #forex"
594,0,"our two presidential candidates, everybody. this is what we've devolved into. #elections2016 #america   #smh #usa "
595,0,poor pup. #animals #puppy #vine #magic   #subscribe #youtube (vine by @user 
596,0,rare pic of superstar @user with @user    bihday sivakoratala  :) 
597,0,@user and @user how is it 2016 and i am moving just outside of downtown gr mi and neither of you offer better than 6 mbps.  
598,0, @user wishing all the dadâs a happy fatherâs day! #dads #fathersday #2016 #intellicred   
599,0,met this girl 5 yrs ago online b-ng gay friend. y does she look like this when she didn't b4?  @user 
600,0,that face says it all!  #pwcproud  
601,0,| b u s y |    #love #instagood @user #tbt #cute #me #beautiful #followme  â¦ 
602,0,enjoy this weekend with your family at your home. happy weekend my dear friends :)   #weekend #family #home... 
603,0,another senseless tragedy.    #tragic #pulse #orlandostaystrong #thoughtsandprayersâ¦ 
604,0, @user loving #yrkkh frm the bottom of my hea frm the day it stared.. &amp; what do v get in return.. #uglyspat @user @user
605,0,captain felix at rutland water. the little boat behind is about to go on a very grand adventure....  
606,0,binge watching series 1 of #thekilling so as to completely avoid football.  
607,0,"to quote jeremy corbyn: ""here we, here we, here we fucking go!""   "
608,0,happyð #travel#time #instamood  #moments #love#mylife #russian#girl #model #4likeâ¦ 
609,1, porn vids wwwsmallgirlsexcom
610,0, @user #tuesday #jackie #quote #taketime to do what makes your #soul   #enjoylife #smile #believe #dream #havefun 
611,0,home sweet home is what i call #edinburgh since moving there years ago! #scotland #homesweethome   #family  
612,0,play england vs russia in marseille at 21:00??? what did they expect? high risk game and plenty of time to drink...  
613,0,aww yeah it's all good bing bong bing bong   
614,0,i am thankful for sweater weather. #thankful #positive     
615,0,haunting atmospherics #studiotime   
616,0,@user @user become a fan does not give the right to criticize the personal life of an idol.  
617,1,the latest obsidian radio daily!  thanks to @user @user @user  #latesnews
618,0,mind-blown; learning so much in this google forms workshop.   @user #cfisdrrr
619,0, @user so sexy #prettypussy #sexybbw #realmvp 
620,0," @user back to @user after a v traumatic few months. damage not as bad as thought, proof the plan works! onwards &amp; upwards ð #excitâ¦"
621,1,you might be a libtard if... #libtard  #sjw #liberal #politics 
622,1, just more overwhelming evidence that the company #trump keeps echoes his sentiments &amp; ideals #dumptrump 
623,0," @user most of y'all females beefed out over these community dick ass niggas ,   ð¯ð­"
624,0,people be like you already forgot so and so.... nah it's not that it's just new names are made a hashtag on a weekly basis  
625,0,how to be   ?!.i have the answer ðð
626,0,cherry color is symbol of warm and positive energy necklace price: 200 aed #stones #gift #amazing #beautiful   
627,0,i can't wait for the 2016/17 season to begin!   #lfc #ynwa #englishpremierleague 
628,0, @user happy father's day to all dads except #rogergoodell! #fathersday   #goodellsucksâ¦ 
629,0," â #orb independent brexit poll shows leave vote ahead, gbp/usd slumps   #blog #silver #gold #forex"
630,0, @user @user @user 25mm + 16mm = no washout no flooding good take and all set for another days golf   
631,0,@user ya ever since zayne left they've never been the same  
632,0,happy father's day â¼ï¸â¤ï¸  #loveyou #fathersday   #sunday #father #daddy dayâ¦ 
633,0,big shock on monday-needed to find new home. yeah! found my dream cottage on tuesday  
634,0,save thousands $$ free search x logins x brokers    #actor #seeklearning   #stafresh 
635,0,actually ordered a kylie lip kit  
636,0,i hope the family made arrangements to make sure that #bastard @user  canât get access.      
637,0,ð   #socialmedia us firm to build 6 nuclear reactors in india  
638,0,#smaphone   bull up: you will dominate your bull and you will direct it whatever you want it to do. when y 
639,0,#lifeisbeautiful #loveit #workhard #trainhard no matter where you go!   #blessed #fitlifeâ¦ 
640,0,oscar tabarez talks luis suarezâs angry reactionâ¦  #spos   #during #luis #oscar 
641,0,now playing on #njoyhit40 #1hitmusicstation us uk eur @user   join us on  #nice #nyc @user
642,0, @user only 2 weeks to go and i'm a #personaltrainer full time   i will have new slots available from 30 june - pls spread tâ¦
643,0,"a mother can take care of ten children's but sometime ten children cant take care of their mother ,,,    "
644,0,i am thankful for good nightsâ sleep. #thankful #positive     
645,0,"now playing  :  the bride - ""  nocturne"" on    #melancholy   #melancholymusic"
646,0,#tvk3fathersday   fathers day to all tatay daddy enjoy wathing tha voice kids
647,0,i am thankful for my friends. #thankful #positive     
648,0,i am thankful for mason jars. #thankful #positive     
649,1,"""nigger?"" #lifelessons of a white kid who grew up in the 60's. #blogpost  #whitepeople #respectâ¦ "
650,0,@user @user @user congrats!   for @user
651,0,via jts88: @user ó¾§ #love #sinkthepink #music #instagay #celebspot  ... 
652,0,@user ready for @user at #ccmf2016 !!   #mychurch #frontrow #upshow 
653,0,how utterly  :  people with incurable #stupidity in #africa albino killings in malawi spark education campaign 
654,0," â #gold off highs, back around $1,260   #blog #silver #gold #forex"
655,0,shocking events in orlando - now will the usa review their gun laws or do more innocents have to die first? #horrific #unforgiveable   :(
656,0,i am knowledgeable. #i_am #positive #affirmation     
657,0,with le sister! #instatraveling #instamoment #igdaily #instagramhub #instagood #instalike   
658,0,..feeling so #lonely..and  ..
659,0,"#girliguessimwithher tag is the saddest representation of how people feel they are now forced to vote for ""her""   "
660,0,the h factor! does your #mobile app make the user  ? want more factors? click to download aricent #whitepaper 
661,0,@user meanwhile google violates free-speech at will  
662,0,happy at work conference: right /mindset leads to culture-of-development organizations    #work #mindset
663,0, @user #rochester   attack bull chase: when you leave the lot despite the fact that you're a strong source of f 
664,0,i'm in the @user competition!!! ððµðð¤ðð¾âð¾ï¸  
665,0,#tattoosleeves   gorilla simulator: you need to do to adapt to the environment. the need to tear the city. m 
666,0,ima go cry for a few hours brb  
667,0,i #tell my sorrow to the #river so that the river taught me how to flow without the #complain -sepatu dahlan-   #philosophy #proverb
668,0,i am thankful for memories. #thankful #positive     
669,0,@user you surely are a nasty piece of work! lmao.  
670,0,today is a perfect day to be  ! #happiness #lifecoach #reinventimpossible 
671,0,  after sex over 40 sex nake women  
672,0,i am thankful for cocktails. #thankful #positive     
673,0,dont wait #outside #thepeel 4 #work #homophobic #taxi #driver #guys #kiss there #gay #melbourne #13cabs     
674,0,@user guess no one wanted to let the residents of spring street know they wouldn't be able to leave for a few hours today.  
675,0,great morning deborahð»ð».@user #smiles and #kindness ð  day!ðð
676,0,_  #windows10 split screen #browser! #customcasetab     #noedit  712
677,0, @user people use tragedy like this to fuel their hate agenda towards entire groups of people and that's the opposite of helpfulâ¦
678,0,taeyeon unnie is on fire! ð btw i really hope that her album cover is not yellow lol   #why 
679,0,john mica...how the hell are people like you elected @user @user #totalpolitician #outoftouch #disgraceful  ð
680,0,nothing makes dad happier than a tasty meal!   #fathersday 
681,0,the   #truth about #suicide rates in young #blackboys 
682,0,happy sunday #homesweethome #amazing #love #istanbul #girl #beautiful   #instalike #meâ¦ 
683,0,oh she blocked me.   at least i have love island to look forward to on sunday :)
684,0,"now playing  :  suzanne ciani - "" 4 o'clock in the morning"" on     music song "
685,0,swing ðâ¤ï¸ð¶ #swing #mybabygirl #baby #littlegirl #park #love #cute   
686,0,help! bubble attack! #winter #bathtime   #cozy 
687,0,i am moving. #i_am #positive #affirmation     
688,0,"the thing is, no matter how many laws and regulations there are with guns, people will still find a way to get their hands on them.  "
689,0, @user   #sunflowers - #nature #garden #photograpy quality prints &amp; cards at: 
690,0,@user didnt stay for long had an emergency at home  my daughter was not well soo i had to rush home and i missed ur set  
691,0, @user great insights on trusted professions in emea at #growth #hacking #conference at #growthwithhubspot.  
692,1,"carolyn cooper | ugly, poor, ignorant and black!  "
693,0,franklin is a   #dog in the #sunshine #dogsoftwitter 
694,0,"perfect day= buy real furniture, hiking, @user for dinner, @user for desse!ððð #sleepnumber #bonustolongrest #dnd  "
695,0,happy face lovely smile @user #satisfying #hair #workit #smile   #faceâ¦ 
696,0,ððð love you. ððð . #sunday #weekend #selfie #longhair #girl #selfporait   #loveâ¦ 
697,0,#nature_perfection   bull hill climb: you have to reach the target to complete the task to survive. with str 
698,0,#model   i love u take with u all the time in urð±!!! ððððð¦ð¦ð¦  
699,0,orlando gay men angry they can&amp;#039;t donate blood after massacre -    
700,0," @user  golinglobal "" golinuntern: fresh air, trail running, and a   soul. keeping the #golinuntern life balanceâ¦ "
701,0," @user @user monroe&amp;nick best friends, &amp; rosalee&amp;addie and now kelly&amp;babymonrosale #grimm   families #nadalind"
702,0,"@user or lying hillary would call it a ""security inquiry"" liberals are like minded if one eats shit then all of them eat shit.  "
703,0,you know what i find incredibly #disrespectful!?  taking a personal call during a meeting.    #frustrated ð  
704,0,date night #friday #pub   #ilovehim #instagay #beer @ billy's on burnet 
705,0,i wish @user would make their phones so the damn screens don't shatter they cost an arm and a leg and still gotta pay to fix em  
706,0,"this is so hea wrenching! what would be the state of the mother, when she knows her son is about to die :(    "
707,0, @user how times fly! less than a week to go until the brilliant @user leads our summer conference   
708,0,fruit time   #fruit #desse #instamoment #photooftheday #yvr #sweet #vancitybuzzâ¦ 
709,0, so sad ones  &gt;&gt;&gt; 
710,0,sirf ashiq log follow karen #iqbal #galib #wasi #faraz #mohsin ki full   poetry + #no add + follow @user
711,0, @user 28 minutes to go #armaanamaalontkss @user @user @user  
712,0,thank god for the #royals of 2015 because without it kansas city is right down there with #cleveland  #disgraced  
713,0,will get to see my favorite person tmrrw    
714,0,"#latina   buffalo simulation: buffalo for you to take in the vicinity of their homes to do. in this way, you "
715,0,what a world we live in.. #orlando  
716,0, @user now the vacation has begun...   #triathlete #triathlon #coach #vacation #fearless #rulâ¦  httâ¦
717,0,@user a bit of heabreak too! #reflective  
718,0, @user peaceful way to sta the morning before the daily chaos beginsð #gratitude   
719,0,hardcore girls videos   birday sex xxx   
720,0,#takalot book order arrives in time for a long weekend away in the bush.   #bengreenfield 
721,0,#saysomething   bull up: you will dominate your bull and you will direct it whatever you want it to do. when 
722,0,steph. san kana?? your 3's are badly needed. please ððð 
723,0, @user another hands &amp; feet complete!! berachah you are the best !!  &amp;tired 
724,0,@user on my way over ctf to have a book talk with the inmates paicipating in the @user book club program #slugg  
725,0,ready for thisâ #awesome #beat #cool #dj #dance #edm #house #goodmusic   #madnessâ¦ 
726,0, â #jpy: negative external environment remains suppoive â mufg   #blog #silver #gold #forex
727,0,$24.99-mkf collection jasmine and moira crossbody bags    wednesday
728,0,currently out to eat at #steakandshake and i've been here for 20 minutes and not gotten the shake i ordered #not  .
729,0,gray is a very sad color it makes me feel   #grayneedstogo
730,0,difficult roads often lead to beautiful destinations. anon #leadership #inspiration  #quote #inspirational  
731,0," â #usd long positions added, eur shos increased - anz   #blog #silver #gold #forex"
732,0,it's #r1rockalldayer on @user for me it's @user day!   #noise
733,1,"@user no, he was definitely a  mexican. #fakenewsale"
734,0,@user when is the new album being released about @user and your break up?   #loveherbreakups #hotgoss
735,1,standing up to racism and hate by americad not curse out congress and all haters  who are deplorable  #hateâ¦ 
736,0,"you are my â#sunshine, my only â#sunshine. you make me ð  when skies are âgray. "
737,0,"something i wanted to say, something that makes me happy . #gaming #gamer #xboxone #playstation @user #e32016   "
738,0,the football is actually the only thing on at mo that's watchable!! #bringbackgladiators!
739,0,happy hump day ððð #humpday   #life #lifestyle #wednesday #midweek #snapchat #walrus #funnyâ¦ 
740,0,let me just say .. i love being me  
741,0,"don't worry, be happy  via @user #archiveday #weekendblogshare #happiness   #quotes #tshis"
742,0,because great things never came from comfo zones... #goodtogreat #inspireme #love   
743,0,happy puppy ð¶ð #london   #puppy #thursdaymotivation 
744,0,i don't know where you're going but do you have a room for one more troubled soul? #a #drawing #blackandwhite   
745,0,we recommend these dark &amp;   #romances:  | #horror #moviegenres #ambiance
746,1,"@user #trump used #hate,  and #putin to win the white house #trump presses attack on khan family and g.o.p. leaders "
747,0,one of my bucket list items ticked tonight i finally saw ice cube live tonight ð  ! #wildlifefestival  'today was a good day' ð
748,0,my friends magical potion... #ewabeach #magicalhappydrinks   @ ewa beach house 
749,1,everytime i wear soccer shis joie fries me and says i look mexican as fuck ð 
750,0,it's been a weird few months but finally feeling more positive about life lately   #pleasedontchange ð
751,0,checked in #holiday     #croatia #13daystogo
752,0,@user   night a sweet dreams..
753,0,nyc in seven days ð½ #newyork #newyorkcity #travel #bigapple   
754,0,life is what you make it. letâs make it  ! #motivation 
755,0,#fashionblog   rooster simulation: i want to climb the vast expanse of mountains. it reached the leakage coc 
756,0,in the best mood ever!!!   #becauseofhim #inlove 
757,0,be happy don't worry! ð   #smile #love #iminlove #iam #im #in #nice #day 
758,0, @user #monaco#resto#chezedgard#grandprixf1# #essais#sun#lewissuppo#ðð# @user #amour #love   â¤ï¸ 
759,0,just bought: 'launch: using design thinking...by @user &amp; @user via @user -   #toread #letsmake 
760,0,#sukhbir #badal announces more office-bearers of   #eastcoast zone #canada  
761,0,so mad that i chose dj snake over zedd at edc  
762,0,mango wood lett... gbp 19.99 get here:  #shop #cool   #home #fun 
763,1,the danger of white liberalism to oveurning  (applies to liberal men and feminism too)  
764,0, @user @user @user truly truly pathetic in so many ways @user @user @user nothing learned from the coverinâ¦
765,0,monday mornings working by the lake #scottieandrussell #work #love   #picofthedayâ¦ 
766,0,i'm loving this rain! hope it hangs around a while ð #rain #water #tbt #me #weather #bribieisland   
767,0,"@user you have chosen the wrong horse and unless you change your mind soon, it will be the end of your political career.  "
768,0, @user weddings are impoant because they celebrate life and possibility. âanne hathaway #wedding   #love 
